1-hi.pack@g.com,test_password
2-hi.pack@g.com,test_password
3-hi.pack@g.com,test_password
4-hi.pack@g.com,test_password
5-hi.pack@g.com,test_password
6-hi.pack@g.com,test_password
7-hi.pack@g.com,test_password
8-hi.pack@g.com,test_password
9-hi.pack@g.com,test_password
10-hi.pack@g.com,test_password
11-hi.pack@g.com,test_password
12-hi.pack@g.com,test_password
13-hi.pack@g.com,test_password
14-hi.pack@g.com,test_password
15-hi.pack@g.com,test_password
16-hi.pack@g.com,test_password
17-hi.pack@g.com,test_password
18-hi.pack@g.com,test_password
19-hi.pack@g.com,test_password
20-hi.pack@g.com,test_password
21-hi.pack@g.com,test_password
22-hi.pack@g.com,test_password
23-hi.pack@g.com,test_password
24-hi.pack@g.com,test_password
25-hi.pack@g.com,test_password
26-hi.pack@g.com,test_password
27-hi.pack@g.com,test_password
28-hi.pack@g.com,test_password
29-hi.pack@g.com,test_password
30-hi.pack@g.com,test_password
31-hi.pack@g.com,test_password
32-hi.pack@g.com,test_password
33-hi.pack@g.com,test_password
34-hi.pack@g.com,test_password
35-hi.pack@g.com,test_password
36-hi.pack@g.com,test_password
37-hi.pack@g.com,test_password
38-hi.pack@g.com,test_password
39-hi.pack@g.com,test_password
40-hi.pack@g.com,test_password
41-hi.pack@g.com,test_password
42-hi.pack@g.com,test_password
43-hi.pack@g.com,test_password
44-hi.pack@g.com,test_password
45-hi.pack@g.com,test_password
46-hi.pack@g.com,test_password
47-hi.pack@g.com,test_password
48-hi.pack@g.com,test_password
49-hi.pack@g.com,test_password
50-hi.pack@g.com,test_password
51-hi.pack@g.com,test_password
52-hi.pack@g.com,test_password
53-hi.pack@g.com,test_password
54-hi.pack@g.com,test_password
55-hi.pack@g.com,test_password
56-hi.pack@g.com,test_password
57-hi.pack@g.com,test_password
58-hi.pack@g.com,test_password
59-hi.pack@g.com,test_password
60-hi.pack@g.com,test_password
61-hi.pack@g.com,test_password
62-hi.pack@g.com,test_password
63-hi.pack@g.com,test_password
64-hi.pack@g.com,test_password
65-hi.pack@g.com,test_password
66-hi.pack@g.com,test_password
67-hi.pack@g.com,test_password
68-hi.pack@g.com,test_password
69-hi.pack@g.com,test_password
70-hi.pack@g.com,test_password
71-hi.pack@g.com,test_password
72-hi.pack@g.com,test_password
73-hi.pack@g.com,test_password
74-hi.pack@g.com,test_password
75-hi.pack@g.com,test_password
76-hi.pack@g.com,test_password
77-hi.pack@g.com,test_password
78-hi.pack@g.com,test_password
79-hi.pack@g.com,test_password
80-hi.pack@g.com,test_password
81-hi.pack@g.com,test_password
82-hi.pack@g.com,test_password
83-hi.pack@g.com,test_password
84-hi.pack@g.com,test_password
85-hi.pack@g.com,test_password
86-hi.pack@g.com,test_password
87-hi.pack@g.com,test_password
88-hi.pack@g.com,test_password
89-hi.pack@g.com,test_password
90-hi.pack@g.com,test_password
91-hi.pack@g.com,test_password
92-hi.pack@g.com,test_password
93-hi.pack@g.com,test_password
94-hi.pack@g.com,test_password
95-hi.pack@g.com,test_password
96-hi.pack@g.com,test_password
97-hi.pack@g.com,test_password
98-hi.pack@g.com,test_password
99-hi.pack@g.com,test_password
100-hi.pack@g.com,test_password
101-hi.pack@g.com,test_password
102-hi.pack@g.com,test_password
103-hi.pack@g.com,test_password
104-hi.pack@g.com,test_password
105-hi.pack@g.com,test_password
106-hi.pack@g.com,test_password
107-hi.pack@g.com,test_password
108-hi.pack@g.com,test_password
109-hi.pack@g.com,test_password
110-hi.pack@g.com,test_password
111-hi.pack@g.com,test_password
112-hi.pack@g.com,test_password
113-hi.pack@g.com,test_password
114-hi.pack@g.com,test_password
115-hi.pack@g.com,test_password
116-hi.pack@g.com,test_password
117-hi.pack@g.com,test_password
118-hi.pack@g.com,test_password
119-hi.pack@g.com,test_password
120-hi.pack@g.com,test_password
121-hi.pack@g.com,test_password
122-hi.pack@g.com,test_password
123-hi.pack@g.com,test_password
124-hi.pack@g.com,test_password
125-hi.pack@g.com,test_password
126-hi.pack@g.com,test_password
127-hi.pack@g.com,test_password
128-hi.pack@g.com,test_password
129-hi.pack@g.com,test_password
130-hi.pack@g.com,test_password
131-hi.pack@g.com,test_password
132-hi.pack@g.com,test_password
133-hi.pack@g.com,test_password
134-hi.pack@g.com,test_password
135-hi.pack@g.com,test_password
136-hi.pack@g.com,test_password
137-hi.pack@g.com,test_password
138-hi.pack@g.com,test_password
139-hi.pack@g.com,test_password
140-hi.pack@g.com,test_password
141-hi.pack@g.com,test_password
142-hi.pack@g.com,test_password
143-hi.pack@g.com,test_password
144-hi.pack@g.com,test_password
145-hi.pack@g.com,test_password
146-hi.pack@g.com,test_password
147-hi.pack@g.com,test_password
148-hi.pack@g.com,test_password
149-hi.pack@g.com,test_password
150-hi.pack@g.com,test_password
151-hi.pack@g.com,test_password
152-hi.pack@g.com,test_password
153-hi.pack@g.com,test_password
154-hi.pack@g.com,test_password
155-hi.pack@g.com,test_password
156-hi.pack@g.com,test_password
157-hi.pack@g.com,test_password
158-hi.pack@g.com,test_password
159-hi.pack@g.com,test_password
160-hi.pack@g.com,test_password
161-hi.pack@g.com,test_password
162-hi.pack@g.com,test_password
163-hi.pack@g.com,test_password
164-hi.pack@g.com,test_password
165-hi.pack@g.com,test_password
166-hi.pack@g.com,test_password
167-hi.pack@g.com,test_password
168-hi.pack@g.com,test_password
169-hi.pack@g.com,test_password
170-hi.pack@g.com,test_password
171-hi.pack@g.com,test_password
172-hi.pack@g.com,test_password
173-hi.pack@g.com,test_password
174-hi.pack@g.com,test_password
175-hi.pack@g.com,test_password
176-hi.pack@g.com,test_password
177-hi.pack@g.com,test_password
178-hi.pack@g.com,test_password
179-hi.pack@g.com,test_password
180-hi.pack@g.com,test_password
181-hi.pack@g.com,test_password
182-hi.pack@g.com,test_password
183-hi.pack@g.com,test_password
184-hi.pack@g.com,test_password
185-hi.pack@g.com,test_password
186-hi.pack@g.com,test_password
187-hi.pack@g.com,test_password
188-hi.pack@g.com,test_password
189-hi.pack@g.com,test_password
190-hi.pack@g.com,test_password
191-hi.pack@g.com,test_password
192-hi.pack@g.com,test_password
193-hi.pack@g.com,test_password
194-hi.pack@g.com,test_password
195-hi.pack@g.com,test_password
196-hi.pack@g.com,test_password
197-hi.pack@g.com,test_password
198-hi.pack@g.com,test_password
199-hi.pack@g.com,test_password
200-hi.pack@g.com,test_password
201-hi.pack@g.com,test_password
202-hi.pack@g.com,test_password
203-hi.pack@g.com,test_password
204-hi.pack@g.com,test_password
205-hi.pack@g.com,test_password
206-hi.pack@g.com,test_password
207-hi.pack@g.com,test_password
208-hi.pack@g.com,test_password
209-hi.pack@g.com,test_password
210-hi.pack@g.com,test_password
211-hi.pack@g.com,test_password
212-hi.pack@g.com,test_password
213-hi.pack@g.com,test_password
214-hi.pack@g.com,test_password
215-hi.pack@g.com,test_password
216-hi.pack@g.com,test_password
217-hi.pack@g.com,test_password
218-hi.pack@g.com,test_password
219-hi.pack@g.com,test_password
220-hi.pack@g.com,test_password
221-hi.pack@g.com,test_password
222-hi.pack@g.com,test_password
223-hi.pack@g.com,test_password
224-hi.pack@g.com,test_password
225-hi.pack@g.com,test_password
226-hi.pack@g.com,test_password
227-hi.pack@g.com,test_password
228-hi.pack@g.com,test_password
229-hi.pack@g.com,test_password
230-hi.pack@g.com,test_password
231-hi.pack@g.com,test_password
232-hi.pack@g.com,test_password
233-hi.pack@g.com,test_password
234-hi.pack@g.com,test_password
235-hi.pack@g.com,test_password
236-hi.pack@g.com,test_password
237-hi.pack@g.com,test_password
238-hi.pack@g.com,test_password
239-hi.pack@g.com,test_password
240-hi.pack@g.com,test_password
241-hi.pack@g.com,test_password
242-hi.pack@g.com,test_password
243-hi.pack@g.com,test_password
244-hi.pack@g.com,test_password
245-hi.pack@g.com,test_password
246-hi.pack@g.com,test_password
247-hi.pack@g.com,test_password
248-hi.pack@g.com,test_password
249-hi.pack@g.com,test_password
250-hi.pack@g.com,test_password
251-hi.pack@g.com,test_password
252-hi.pack@g.com,test_password
253-hi.pack@g.com,test_password
254-hi.pack@g.com,test_password
255-hi.pack@g.com,test_password
256-hi.pack@g.com,test_password
257-hi.pack@g.com,test_password
258-hi.pack@g.com,test_password
259-hi.pack@g.com,test_password
260-hi.pack@g.com,test_password
261-hi.pack@g.com,test_password
262-hi.pack@g.com,test_password
263-hi.pack@g.com,test_password
264-hi.pack@g.com,test_password
265-hi.pack@g.com,test_password
266-hi.pack@g.com,test_password
267-hi.pack@g.com,test_password
268-hi.pack@g.com,test_password
269-hi.pack@g.com,test_password
270-hi.pack@g.com,test_password
271-hi.pack@g.com,test_password
272-hi.pack@g.com,test_password
273-hi.pack@g.com,test_password
274-hi.pack@g.com,test_password
275-hi.pack@g.com,test_password
276-hi.pack@g.com,test_password
277-hi.pack@g.com,test_password
278-hi.pack@g.com,test_password
279-hi.pack@g.com,test_password
280-hi.pack@g.com,test_password
281-hi.pack@g.com,test_password
282-hi.pack@g.com,test_password
283-hi.pack@g.com,test_password
284-hi.pack@g.com,test_password
285-hi.pack@g.com,test_password
286-hi.pack@g.com,test_password
287-hi.pack@g.com,test_password
288-hi.pack@g.com,test_password
289-hi.pack@g.com,test_password
290-hi.pack@g.com,test_password
291-hi.pack@g.com,test_password
292-hi.pack@g.com,test_password
293-hi.pack@g.com,test_password
294-hi.pack@g.com,test_password
295-hi.pack@g.com,test_password
296-hi.pack@g.com,test_password
297-hi.pack@g.com,test_password
298-hi.pack@g.com,test_password
299-hi.pack@g.com,test_password
300-hi.pack@g.com,test_password
301-hi.pack@g.com,test_password
302-hi.pack@g.com,test_password
303-hi.pack@g.com,test_password
304-hi.pack@g.com,test_password
305-hi.pack@g.com,test_password
306-hi.pack@g.com,test_password
307-hi.pack@g.com,test_password
308-hi.pack@g.com,test_password
309-hi.pack@g.com,test_password
310-hi.pack@g.com,test_password
311-hi.pack@g.com,test_password
312-hi.pack@g.com,test_password
313-hi.pack@g.com,test_password
314-hi.pack@g.com,test_password
315-hi.pack@g.com,test_password
316-hi.pack@g.com,test_password
317-hi.pack@g.com,test_password
318-hi.pack@g.com,test_password
319-hi.pack@g.com,test_password
320-hi.pack@g.com,test_password
321-hi.pack@g.com,test_password
322-hi.pack@g.com,test_password
323-hi.pack@g.com,test_password
324-hi.pack@g.com,test_password
325-hi.pack@g.com,test_password
326-hi.pack@g.com,test_password
327-hi.pack@g.com,test_password
328-hi.pack@g.com,test_password
329-hi.pack@g.com,test_password
330-hi.pack@g.com,test_password
331-hi.pack@g.com,test_password
332-hi.pack@g.com,test_password
333-hi.pack@g.com,test_password
334-hi.pack@g.com,test_password
335-hi.pack@g.com,test_password
336-hi.pack@g.com,test_password
337-hi.pack@g.com,test_password
338-hi.pack@g.com,test_password
339-hi.pack@g.com,test_password
340-hi.pack@g.com,test_password
341-hi.pack@g.com,test_password
342-hi.pack@g.com,test_password
343-hi.pack@g.com,test_password
344-hi.pack@g.com,test_password
345-hi.pack@g.com,test_password
346-hi.pack@g.com,test_password
347-hi.pack@g.com,test_password
348-hi.pack@g.com,test_password
349-hi.pack@g.com,test_password
350-hi.pack@g.com,test_password
351-hi.pack@g.com,test_password
352-hi.pack@g.com,test_password
353-hi.pack@g.com,test_password
354-hi.pack@g.com,test_password
355-hi.pack@g.com,test_password
356-hi.pack@g.com,test_password
357-hi.pack@g.com,test_password
358-hi.pack@g.com,test_password
359-hi.pack@g.com,test_password
360-hi.pack@g.com,test_password
361-hi.pack@g.com,test_password
362-hi.pack@g.com,test_password
363-hi.pack@g.com,test_password
364-hi.pack@g.com,test_password
365-hi.pack@g.com,test_password
366-hi.pack@g.com,test_password
367-hi.pack@g.com,test_password
368-hi.pack@g.com,test_password
369-hi.pack@g.com,test_password
370-hi.pack@g.com,test_password
371-hi.pack@g.com,test_password
372-hi.pack@g.com,test_password
373-hi.pack@g.com,test_password
374-hi.pack@g.com,test_password
375-hi.pack@g.com,test_password
376-hi.pack@g.com,test_password
377-hi.pack@g.com,test_password
378-hi.pack@g.com,test_password
379-hi.pack@g.com,test_password
380-hi.pack@g.com,test_password
381-hi.pack@g.com,test_password
382-hi.pack@g.com,test_password
383-hi.pack@g.com,test_password
384-hi.pack@g.com,test_password
385-hi.pack@g.com,test_password
386-hi.pack@g.com,test_password
387-hi.pack@g.com,test_password
388-hi.pack@g.com,test_password
389-hi.pack@g.com,test_password
390-hi.pack@g.com,test_password
391-hi.pack@g.com,test_password
392-hi.pack@g.com,test_password
393-hi.pack@g.com,test_password
394-hi.pack@g.com,test_password
395-hi.pack@g.com,test_password
396-hi.pack@g.com,test_password
397-hi.pack@g.com,test_password
398-hi.pack@g.com,test_password
399-hi.pack@g.com,test_password
400-hi.pack@g.com,test_password
401-hi.pack@g.com,test_password
402-hi.pack@g.com,test_password
403-hi.pack@g.com,test_password
404-hi.pack@g.com,test_password
405-hi.pack@g.com,test_password
406-hi.pack@g.com,test_password
407-hi.pack@g.com,test_password
408-hi.pack@g.com,test_password
409-hi.pack@g.com,test_password
410-hi.pack@g.com,test_password
411-hi.pack@g.com,test_password
412-hi.pack@g.com,test_password
413-hi.pack@g.com,test_password
414-hi.pack@g.com,test_password
415-hi.pack@g.com,test_password
416-hi.pack@g.com,test_password
417-hi.pack@g.com,test_password
418-hi.pack@g.com,test_password
419-hi.pack@g.com,test_password
420-hi.pack@g.com,test_password
421-hi.pack@g.com,test_password
422-hi.pack@g.com,test_password
423-hi.pack@g.com,test_password
424-hi.pack@g.com,test_password
425-hi.pack@g.com,test_password
426-hi.pack@g.com,test_password
427-hi.pack@g.com,test_password
428-hi.pack@g.com,test_password
429-hi.pack@g.com,test_password
430-hi.pack@g.com,test_password
431-hi.pack@g.com,test_password
432-hi.pack@g.com,test_password
433-hi.pack@g.com,test_password
434-hi.pack@g.com,test_password
435-hi.pack@g.com,test_password
436-hi.pack@g.com,test_password
437-hi.pack@g.com,test_password
438-hi.pack@g.com,test_password
439-hi.pack@g.com,test_password
440-hi.pack@g.com,test_password
441-hi.pack@g.com,test_password
442-hi.pack@g.com,test_password
443-hi.pack@g.com,test_password
444-hi.pack@g.com,test_password
445-hi.pack@g.com,test_password
446-hi.pack@g.com,test_password
447-hi.pack@g.com,test_password
448-hi.pack@g.com,test_password
449-hi.pack@g.com,test_password
450-hi.pack@g.com,test_password
451-hi.pack@g.com,test_password
452-hi.pack@g.com,test_password
453-hi.pack@g.com,test_password
454-hi.pack@g.com,test_password
455-hi.pack@g.com,test_password
456-hi.pack@g.com,test_password
457-hi.pack@g.com,test_password
458-hi.pack@g.com,test_password
459-hi.pack@g.com,test_password
460-hi.pack@g.com,test_password
461-hi.pack@g.com,test_password
462-hi.pack@g.com,test_password
463-hi.pack@g.com,test_password
464-hi.pack@g.com,test_password
465-hi.pack@g.com,test_password
466-hi.pack@g.com,test_password
467-hi.pack@g.com,test_password
468-hi.pack@g.com,test_password
469-hi.pack@g.com,test_password
470-hi.pack@g.com,test_password
471-hi.pack@g.com,test_password
472-hi.pack@g.com,test_password
473-hi.pack@g.com,test_password
474-hi.pack@g.com,test_password
475-hi.pack@g.com,test_password
476-hi.pack@g.com,test_password
477-hi.pack@g.com,test_password
478-hi.pack@g.com,test_password
479-hi.pack@g.com,test_password
480-hi.pack@g.com,test_password
481-hi.pack@g.com,test_password
482-hi.pack@g.com,test_password
483-hi.pack@g.com,test_password
484-hi.pack@g.com,test_password
485-hi.pack@g.com,test_password
486-hi.pack@g.com,test_password
487-hi.pack@g.com,test_password
488-hi.pack@g.com,test_password
489-hi.pack@g.com,test_password
490-hi.pack@g.com,test_password
491-hi.pack@g.com,test_password
492-hi.pack@g.com,test_password
493-hi.pack@g.com,test_password
494-hi.pack@g.com,test_password
495-hi.pack@g.com,test_password
496-hi.pack@g.com,test_password
497-hi.pack@g.com,test_password
498-hi.pack@g.com,test_password
499-hi.pack@g.com,test_password
500-hi.pack@g.com,test_password
501-hi.pack@g.com,test_password
502-hi.pack@g.com,test_password
503-hi.pack@g.com,test_password
504-hi.pack@g.com,test_password
505-hi.pack@g.com,test_password
506-hi.pack@g.com,test_password
507-hi.pack@g.com,test_password
508-hi.pack@g.com,test_password
509-hi.pack@g.com,test_password
510-hi.pack@g.com,test_password
511-hi.pack@g.com,test_password
512-hi.pack@g.com,test_password
513-hi.pack@g.com,test_password
514-hi.pack@g.com,test_password
515-hi.pack@g.com,test_password
516-hi.pack@g.com,test_password
517-hi.pack@g.com,test_password
518-hi.pack@g.com,test_password
519-hi.pack@g.com,test_password
520-hi.pack@g.com,test_password
521-hi.pack@g.com,test_password
522-hi.pack@g.com,test_password
523-hi.pack@g.com,test_password
524-hi.pack@g.com,test_password
525-hi.pack@g.com,test_password
526-hi.pack@g.com,test_password
527-hi.pack@g.com,test_password
528-hi.pack@g.com,test_password
529-hi.pack@g.com,test_password
530-hi.pack@g.com,test_password
531-hi.pack@g.com,test_password
532-hi.pack@g.com,test_password
533-hi.pack@g.com,test_password
534-hi.pack@g.com,test_password
535-hi.pack@g.com,test_password
536-hi.pack@g.com,test_password
537-hi.pack@g.com,test_password
538-hi.pack@g.com,test_password
539-hi.pack@g.com,test_password
540-hi.pack@g.com,test_password
541-hi.pack@g.com,test_password
542-hi.pack@g.com,test_password
543-hi.pack@g.com,test_password
544-hi.pack@g.com,test_password
545-hi.pack@g.com,test_password
546-hi.pack@g.com,test_password
547-hi.pack@g.com,test_password
548-hi.pack@g.com,test_password
549-hi.pack@g.com,test_password
550-hi.pack@g.com,test_password
551-hi.pack@g.com,test_password
552-hi.pack@g.com,test_password
553-hi.pack@g.com,test_password
554-hi.pack@g.com,test_password
555-hi.pack@g.com,test_password
556-hi.pack@g.com,test_password
557-hi.pack@g.com,test_password
558-hi.pack@g.com,test_password
559-hi.pack@g.com,test_password
560-hi.pack@g.com,test_password
561-hi.pack@g.com,test_password
562-hi.pack@g.com,test_password
563-hi.pack@g.com,test_password
564-hi.pack@g.com,test_password
565-hi.pack@g.com,test_password
566-hi.pack@g.com,test_password
567-hi.pack@g.com,test_password
568-hi.pack@g.com,test_password
569-hi.pack@g.com,test_password
570-hi.pack@g.com,test_password
571-hi.pack@g.com,test_password
572-hi.pack@g.com,test_password
573-hi.pack@g.com,test_password
574-hi.pack@g.com,test_password
575-hi.pack@g.com,test_password
576-hi.pack@g.com,test_password
577-hi.pack@g.com,test_password
578-hi.pack@g.com,test_password
579-hi.pack@g.com,test_password
580-hi.pack@g.com,test_password
581-hi.pack@g.com,test_password
582-hi.pack@g.com,test_password
583-hi.pack@g.com,test_password
584-hi.pack@g.com,test_password
585-hi.pack@g.com,test_password
586-hi.pack@g.com,test_password
587-hi.pack@g.com,test_password
588-hi.pack@g.com,test_password
589-hi.pack@g.com,test_password
590-hi.pack@g.com,test_password
591-hi.pack@g.com,test_password
592-hi.pack@g.com,test_password
593-hi.pack@g.com,test_password
594-hi.pack@g.com,test_password
595-hi.pack@g.com,test_password
596-hi.pack@g.com,test_password
597-hi.pack@g.com,test_password
598-hi.pack@g.com,test_password
599-hi.pack@g.com,test_password
600-hi.pack@g.com,test_password
601-hi.pack@g.com,test_password
602-hi.pack@g.com,test_password
603-hi.pack@g.com,test_password
604-hi.pack@g.com,test_password
605-hi.pack@g.com,test_password
606-hi.pack@g.com,test_password
607-hi.pack@g.com,test_password
608-hi.pack@g.com,test_password
609-hi.pack@g.com,test_password
610-hi.pack@g.com,test_password
611-hi.pack@g.com,test_password
612-hi.pack@g.com,test_password
613-hi.pack@g.com,test_password
614-hi.pack@g.com,test_password
615-hi.pack@g.com,test_password
616-hi.pack@g.com,test_password
617-hi.pack@g.com,test_password
618-hi.pack@g.com,test_password
619-hi.pack@g.com,test_password
620-hi.pack@g.com,test_password
621-hi.pack@g.com,test_password
622-hi.pack@g.com,test_password
623-hi.pack@g.com,test_password
624-hi.pack@g.com,test_password
625-hi.pack@g.com,test_password
626-hi.pack@g.com,test_password
627-hi.pack@g.com,test_password
628-hi.pack@g.com,test_password
629-hi.pack@g.com,test_password
630-hi.pack@g.com,test_password
631-hi.pack@g.com,test_password
632-hi.pack@g.com,test_password
633-hi.pack@g.com,test_password
634-hi.pack@g.com,test_password
635-hi.pack@g.com,test_password
636-hi.pack@g.com,test_password
637-hi.pack@g.com,test_password
638-hi.pack@g.com,test_password
639-hi.pack@g.com,test_password
640-hi.pack@g.com,test_password
641-hi.pack@g.com,test_password
642-hi.pack@g.com,test_password
643-hi.pack@g.com,test_password
644-hi.pack@g.com,test_password
645-hi.pack@g.com,test_password
646-hi.pack@g.com,test_password
647-hi.pack@g.com,test_password
648-hi.pack@g.com,test_password
649-hi.pack@g.com,test_password
650-hi.pack@g.com,test_password
651-hi.pack@g.com,test_password
652-hi.pack@g.com,test_password
653-hi.pack@g.com,test_password
654-hi.pack@g.com,test_password
655-hi.pack@g.com,test_password
656-hi.pack@g.com,test_password
657-hi.pack@g.com,test_password
658-hi.pack@g.com,test_password
659-hi.pack@g.com,test_password
660-hi.pack@g.com,test_password
661-hi.pack@g.com,test_password
662-hi.pack@g.com,test_password
663-hi.pack@g.com,test_password
664-hi.pack@g.com,test_password
665-hi.pack@g.com,test_password
666-hi.pack@g.com,test_password
667-hi.pack@g.com,test_password
668-hi.pack@g.com,test_password
669-hi.pack@g.com,test_password
670-hi.pack@g.com,test_password
671-hi.pack@g.com,test_password
672-hi.pack@g.com,test_password
673-hi.pack@g.com,test_password
674-hi.pack@g.com,test_password
675-hi.pack@g.com,test_password
676-hi.pack@g.com,test_password
677-hi.pack@g.com,test_password
678-hi.pack@g.com,test_password
679-hi.pack@g.com,test_password
680-hi.pack@g.com,test_password
681-hi.pack@g.com,test_password
682-hi.pack@g.com,test_password
683-hi.pack@g.com,test_password
684-hi.pack@g.com,test_password
685-hi.pack@g.com,test_password
686-hi.pack@g.com,test_password
687-hi.pack@g.com,test_password
688-hi.pack@g.com,test_password
689-hi.pack@g.com,test_password
690-hi.pack@g.com,test_password
691-hi.pack@g.com,test_password
692-hi.pack@g.com,test_password
693-hi.pack@g.com,test_password
694-hi.pack@g.com,test_password
695-hi.pack@g.com,test_password
696-hi.pack@g.com,test_password
697-hi.pack@g.com,test_password
698-hi.pack@g.com,test_password
699-hi.pack@g.com,test_password
700-hi.pack@g.com,test_password
701-hi.pack@g.com,test_password
702-hi.pack@g.com,test_password
703-hi.pack@g.com,test_password
704-hi.pack@g.com,test_password
705-hi.pack@g.com,test_password
706-hi.pack@g.com,test_password
707-hi.pack@g.com,test_password
708-hi.pack@g.com,test_password
709-hi.pack@g.com,test_password
710-hi.pack@g.com,test_password
711-hi.pack@g.com,test_password
712-hi.pack@g.com,test_password
713-hi.pack@g.com,test_password
714-hi.pack@g.com,test_password
715-hi.pack@g.com,test_password
716-hi.pack@g.com,test_password
717-hi.pack@g.com,test_password
718-hi.pack@g.com,test_password
719-hi.pack@g.com,test_password
720-hi.pack@g.com,test_password
721-hi.pack@g.com,test_password
722-hi.pack@g.com,test_password
723-hi.pack@g.com,test_password
724-hi.pack@g.com,test_password
725-hi.pack@g.com,test_password
726-hi.pack@g.com,test_password
727-hi.pack@g.com,test_password
728-hi.pack@g.com,test_password
729-hi.pack@g.com,test_password
730-hi.pack@g.com,test_password
731-hi.pack@g.com,test_password
732-hi.pack@g.com,test_password
733-hi.pack@g.com,test_password
734-hi.pack@g.com,test_password
735-hi.pack@g.com,test_password
736-hi.pack@g.com,test_password
737-hi.pack@g.com,test_password
738-hi.pack@g.com,test_password
739-hi.pack@g.com,test_password
740-hi.pack@g.com,test_password
741-hi.pack@g.com,test_password
742-hi.pack@g.com,test_password
743-hi.pack@g.com,test_password
744-hi.pack@g.com,test_password
745-hi.pack@g.com,test_password
746-hi.pack@g.com,test_password
747-hi.pack@g.com,test_password
748-hi.pack@g.com,test_password
749-hi.pack@g.com,test_password
750-hi.pack@g.com,test_password
751-hi.pack@g.com,test_password
752-hi.pack@g.com,test_password
753-hi.pack@g.com,test_password
754-hi.pack@g.com,test_password
755-hi.pack@g.com,test_password
756-hi.pack@g.com,test_password
757-hi.pack@g.com,test_password
758-hi.pack@g.com,test_password
759-hi.pack@g.com,test_password
760-hi.pack@g.com,test_password
761-hi.pack@g.com,test_password
762-hi.pack@g.com,test_password
763-hi.pack@g.com,test_password
764-hi.pack@g.com,test_password
765-hi.pack@g.com,test_password
766-hi.pack@g.com,test_password
767-hi.pack@g.com,test_password
768-hi.pack@g.com,test_password
769-hi.pack@g.com,test_password
770-hi.pack@g.com,test_password
771-hi.pack@g.com,test_password
772-hi.pack@g.com,test_password
773-hi.pack@g.com,test_password
774-hi.pack@g.com,test_password
775-hi.pack@g.com,test_password
776-hi.pack@g.com,test_password
777-hi.pack@g.com,test_password
778-hi.pack@g.com,test_password
779-hi.pack@g.com,test_password
780-hi.pack@g.com,test_password
781-hi.pack@g.com,test_password
782-hi.pack@g.com,test_password
783-hi.pack@g.com,test_password
784-hi.pack@g.com,test_password
785-hi.pack@g.com,test_password
786-hi.pack@g.com,test_password
787-hi.pack@g.com,test_password
788-hi.pack@g.com,test_password
789-hi.pack@g.com,test_password
790-hi.pack@g.com,test_password
791-hi.pack@g.com,test_password
792-hi.pack@g.com,test_password
793-hi.pack@g.com,test_password
794-hi.pack@g.com,test_password
795-hi.pack@g.com,test_password
796-hi.pack@g.com,test_password
797-hi.pack@g.com,test_password
798-hi.pack@g.com,test_password
799-hi.pack@g.com,test_password
800-hi.pack@g.com,test_password